Transaction Date, Transaction Amount, Notes, Transaction Type, Entity
5/25/2021,-6.30,-,"Miscellaneous Payment  ","PAYPAL                       "
5/21/2021,-700.00,-,"WITHDRAWAL             ","FREE INTERAC E-TRANSFER"
5/21/2021,-73.39,-,"POS Purchase           ","FLORENCEVILLE IRVING     WEST "
5/20/2021,731.07,-,"Payroll Deposit        ","BWS MANUFACTURING LTD        "
5/18/2021,-149.99,-,"POS Purchase           ","CNB #018                 PERTH"
5/18/2021,-79.99,-,"POS Purchase           ","FPOS CNB #018            PERTH"
5/17/2021,-12.52,-,"POS Purchase           ","FPOS DAIRY QUEEN #12192  WOODS"
5/17/2021,-30.00,-,"POS Purchase           ","MURRAY'S IRVING          BEARD"
5/17/2021,-2.02,-,"POS Purchase           ","FPOS TIM HORTONS #2598   WOODS"
5/17/2021,-8.37,-,"POS Purchase           ","MCDONALD'S #1808         FREDE"
5/15/2021,-50.00,-,"WITHDRAWAL             ","FREE INTERAC E-TRANSFER"
5/14/2021,-31.81,-,"POS Purchase           ","OPOS Greco Online        90289"
5/14/2021,-29.79,-,"POS Purchase           ","FPOS PETRO-CANADA        LAKE "
5/14/2021,-58.27,-,"POS Purchase           ","FPOS FLORENCEVILLE IRVINGWEST "
5/13/2021,-21.15,-,"POS Purchase           ","OPOS 16.99 WNBA LIVEACCESPLAIN"
5/13/2021,602.30,-,"Payroll Deposit        ","BWS MANUFACTURING LTD        "
5/11/2021,-18.36,-,"POS Purchase           ","FPOS MARK'S THE SPOT     BEECH"
5/7/2021,-49.60,-,"POS Purchase           ","FLORENCEVILLE IRVING     WEST "
5/6/2021,602.30,-,"Payroll Deposit        ","BWS MANUFACTURING LTD        "
5/3/2021,-477.50,000000038,"Cheque                 ",""
4/30/2021,-16.95,-,"Service Charge         ","MONTHLY FEES"
4/30/2021,-60.00,-,"POS Purchase           ","FPOS FLORENCEVILLE IRVINGWEST "
4/30/2021,-100.00,-,"WITHDRAWAL             ","FREE INTERAC E-TRANSFER"
4/29/2021,-9.99,-,"POS Purchase           ","FPOS TIM HORTONS #2853   BRIST"
4/29/2021,-2000.00,-,"WITHDRAWAL             ","FREE INTERAC E-TRANSFER"
4/29/2021,3000.00,-,"DEPOSIT                ","INTERAC E-TRANSFER RTN"
4/29/2021,-3000.00,-,"WITHDRAWAL             ","FREE INTERAC E-TRANSFER"
4/29/2021,-22.99,-,"POS Purchase           ","OPOS AMZN Mktp CA        WWW.A"
4/29/2021,-22.99,-,"POS Purchase           ","OPOS AMZN Mktp CA        WWW.A"
4/29/2021,602.30,-,"Payroll Deposit        ","BWS MANUFACTURING LTD        "
4/27/2021,-20.00,-,"Miscellaneous Payment  ","PAYPAL                       "
4/26/2021,-6.53,-,"Miscellaneous Payment  ","PAYPAL                       "
4/23/2021,-6.08,-,"POS Purchase           ","FPOS SMITH DRUGS         FLORE"
4/23/2021,-75.01,-,"POS Purchase           ","FLORENCEVILLE IRVING     WEST "
4/22/2021,602.30,-,"Payroll Deposit        ","BWS MANUFACTURING LTD        "
4/21/2021,25.00,-,"Credit Memo            ","ADJUSTMENT OTHER"
4/21/2021,-32.55,-,"POS Purchase           ","FPOS FLORENCEVILLE IRVINGWEST "
4/20/2021,-15.17,-,"Miscellaneous Payment  ","PAYPAL                       "
4/19/2021,-16.53,-,"POS Purchase           ","FPOS DAIRY QUEEN #12192  WOODS"
4/19/2021,-161.51,-,"POS Purchase           ","WALMART STORE #1043      WOODS"
4/19/2021,-15.26,-,"POS Purchase           ","FPOS WENDY'S RESTAURANT QFREDE"
4/16/2021,-55.00,-,"POS Purchase           ","FLORENCEVILLE IRVING     WEST "
4/15/2021,-11.99,-,"POS Purchase           ","OPOS AMZN Mktp CA        WWW.A"
4/15/2021,602.30,-,"Payroll Deposit        ","BWS MANUFACTURING LTD        "
4/13/2021,-30.66,-,"Miscellaneous Payment  ","PAYPAL                       "
4/10/2021,-10.32,-,"POS Purchase           ","OPOS AMZN Mktp CA        WWW.A"
4/9/2021,-55.01,-,"POS Purchase           ","FLORENCEVILLE IRVING     WEST "
4/8/2021,602.30,-,"Payroll Deposit        ","BWS MANUFACTURING LTD        "
4/1/2021,-477.50,000000037,"Cheque                 ",""
4/1/2021,-55.00,-,"POS Purchase           ","FLORENCEVILLE IRVING     WEST "
4/1/2021,602.30,-,"Payroll Deposit        ","BWS MANUFACTURING LTD        "
4/1/2021,149.00,-,"Provincial Payment     ","CANADA                       "
3/31/2021,-49.99,-,"POS Purchase","FPOS CNB #018            PERTH ANDOVNBCA"
3/31/2021,-110.99,-,"POS Purchase","CNB #018                 PERTH ANDOVNBCA"
3/26/2021,-55.01,-,"POS Purchase           ","FLORENCEVILLE IRVING     WEST "
3/25/2021,-28.99,-,"POS Purchase           ","OPOS AMZN Mktp CA*K09SB8DWWW.A"
3/25/2021,141.97,-,"Correction             ","OPOS AMZN Mktp CA*K09SB8DWWW.A"
3/25/2021,-112.98,-,"POS Purchase           ","OPOS AMZN Mktp CA        WWW.A"
3/25/2021,-141.97,-,"POS Purchase           ","OPOS AMZN Mktp CA        WWW.A"
3/25/2021,-28.97,-,"POS Purchase           ","OPOS Amazon.ca           AMAZO"
3/25/2021,-180.43,-,"POS Purchase           ","OPOS AMZN Mktp CA        WWW.A"
3/25/2021,-33.51,-,"POS Purchase           ","OPOS AMZN Mktp CA        WWW.A"
3/25/2021,-28.99,-,"POS Purchase           ","OPOS AMZN Mktp CA        WWW.A"
3/25/2021,602.30,-,"Payroll Deposit        ","BWS MANUFACTURING LTD        "
3/24/2021,-6.53,-,"Miscellaneous Payment  ","PAYPAL                       "
3/22/2021,-59.99,-,"POS Purchase           ","OPOS AMZN Mktp CA        WWW.A"
3/20/2021,-93.46,-,"POS Purchase           ","OPOS AMZN Mktp CA        WWW.A"
3/20/2021,-47.96,-,"POS Purchase           ","OPOS AMZN Mktp CA        WWW.A"
3/19/2021,-250.00,-,"WITHDRAWAL             ","FREE INTERAC E-TRANSFER"
3/19/2021,-70.00,-,"POS Purchase           ","FLORENCEVILLE IRVING     WEST "
3/18/2021,-29.89,-,"Miscellaneous Payment  ","PAYPAL                       "
3/18/2021,602.30,-,"Payroll Deposit        ","BWS MANUFACTURING LTD        "
3/17/2021,-25.00,-,"WITHDRAWAL             ","FREE INTERAC E-TRANSFER"
3/15/2021,-10.09,-,"POS Purchase           ","FPOS MARK'S THE SPOT     BEECH"
3/15/2021,-26.99,-,"POS Purchase           ","OPOS AMZN Mktp CA        WWW.A"
3/13/2021,-7.69,-,"POS Purchase           ","FPOS Subway              Water"
3/13/2021,-35.00,-,"POS Purchase           ","FPOS WATERVILLE IRVING 15WATER"
3/13/2021,-1.46,-,"POS Purchase           ","FPOS DAIRY QUEEN #12192  WOODS"
3/12/2021,-25.49,-,"POS Purchase           ","FPOS PETRO-CANADA        LAKE "
3/12/2021,-55.00,-,"POS Purchase           ","FPOS FLORENCEVILLE IRVINGWEST "
3/11/2021,-11.61,-,"POS Purchase           ","FPOS TIM HORTONS #2853   BRIST"
3/11/2021,602.30,-,"Payroll Deposit        ","BWS MANUFACTURING LTD        "
3/5/2021,-10.98,-,"POS Purchase           ","DINER DOWN UNDER         BATH "
3/4/2021,-4.38,-,"POS Purchase           ","CENTREVILLE VALUFOODS    CENTR"
3/4/2021,602.30,-,"Payroll Deposit        ","BWS MANUFACTURING LTD        "
3/3/2021,-79.42,-,"POS Purchase           ","FLORENCEVILLE IRVING     WEST "
3/2/2021,-5.07,-,"Miscellaneous Payment  ","PAYPAL                       "
3/2/2021,-10.54,-,"POS Purchase           ","FPOS MARK'S THE SPOT     BEECH"
3/1/2021,-477.50,000000036,"Cheque                 ",""
2/27/2021,-15.95,-,"Service Charge         ","MONTHLY FEES"
2/27/2021,-11.44,-,"POS Purchase           ","OPOS AMZN Mktp CA        WWW.A"
2/26/2021,-5.51,-,"POS Purchase           ","FPOS SMITH DRUGS         FLORE"
2/26/2021,-72.55,-,"POS Purchase           ","FPOS FLORENCEVILLE IRVINGWEST "
2/26/2021,-150.00,-,"WITHDRAWAL             ","FREE INTERAC E-TRANSFER"
2/25/2021,602.30,-,"Payroll Deposit        ","BWS MANUFACTURING LTD        "
2/24/2021,-6.59,-,"Miscellaneous Payment  ","PAYPAL                       "
2/18/2021,602.30,-,"Payroll Deposit        ","BWS MANUFACTURING LTD        "
2/17/2021,-71.73,-,"POS Purchase           ","FPOS FLORENCEVILLE IRVINGWEST "
2/13/2021,-55.28,-,"POS Purchase           ","TINA'S KITCHEN           HARTL"
2/12/2021,-19.73,-,"WITHDRAWAL             ","FREE INTERAC E-TRANSFER"
2/12/2021,-98.90,-,"POS Purchase           ","FPOS WALMART STORE #3032 FREDE"
2/12/2021,-175.93,-,"POS Purchase           ","WALMART STORE #3032      FREDE"
2/12/2021,-89.98,-,"POS Purchase           ","CNB #016                 FREDE"
2/12/2021,-60.00,-,"POS Purchase           ","FPOS FLORENCEVILLE IRVINGWEST "
2/11/2021,602.30,-,"Payroll Deposit        ","BWS MANUFACTURING LTD        "
2/9/2021,-89.99,-,"Miscellaneous Payment  ","PAYPAL                       "
2/5/2021,-5.74,-,"POS Purchase           ","OPOS PrimeVideo.ca       www.a"
2/5/2021,-65.43,-,"POS Purchase           ","FPOS FLORENCEVILLE IRVINGWEST "
2/4/2021,602.30,-,"Payroll Deposit        ","BWS MANUFACTURING LTD        "
2/1/2021,-477.50,000000035,"Cheque                 ",""
2/1/2021,-4.60,-,"POS Purchase           ","FPOS GCDS625 BRISTOL     BRIST"
1/30/2021,-15.95,-,"Service Charge         ","MONTHLY FEES"
1/29/2021,-60.00,-,"POS Purchase           ","FLORENCEVILLE IRVING     WEST "
1/28/2021,602.30,-,"Payroll Deposit        ","BWS MANUFACTURING LTD        "
1/26/2021,-6.64,-,"Miscellaneous Payment  ","PAYPAL                       "
1/25/2021,-85.99,-,"POS Purchase           ","FPOS CNB #018            PERTH"
1/22/2021,-55.00,-,"POS Purchase           ","FPOS FLORENCEVILLE IRVINGWEST "
1/21/2021,602.30,-,"Payroll Deposit        ","BWS MANUFACTURING LTD        "
1/18/2021,-41.41,-,"POS Purchase           ","FPOS RAYNER'S AUTOMOTIVE FLORE"
1/15/2021,-10.91,-,"Miscellaneous Payment  ","PAYPAL                       "
1/15/2021,-20.27,-,"Miscellaneous Payment  ","PAYPAL                       "
1/15/2021,-62.15,-,"POS Purchase           ","FLORENCEVILLE IRVING     WEST "
1/14/2021,602.30,-,"Payroll Deposit        ","BWS MANUFACTURING LTD        "
1/13/2021,-50.00,-,"WITHDRAWAL             ","FREE INTERAC E-TRANSFER"
1/8/2021,-5.51,-,"POS Purchase           ","FPOS SMITH DRUGS         FLORE"
1/7/2021,-55.01,-,"POS Purchase           ","FPOS FLORENCEVILLE IRVINGWEST "
1/5/2021,-50.00,-,"POS Purchase           ","FPOS CNB #018            PERTH"
1/5/2021,-251.75,-,"POS Purchase           ","OPOS 191.88 CODECADEMY   +1844"
1/5/2021,16.84,-,"DEPOSIT                ","INTERAC E-TRANSFER"
1/5/2021,-16.84,-,"POS Purchase           ","OPOS AMZN Mktp CA        WWW.A"
1/5/2021,-38.88,-,"POS Purchase           ","OPOS AMZN Mktp CA        WWW.A"
1/5/2021,149.00,-,"Provincial Payment     ","CANADA                       "
1/4/2021,-477.50,000000034,"Cheque                 ",""
12/31/2020,-16.09,-,"Miscellaneous Payment  ","PAYPAL                       "
12/31/2020,-7.69,-,"Miscellaneous Payment  ","PAYPAL                       "
12/31/2020,-15.95,-,"Service Charge         ","MONTHLY FEES"
12/30/2020,-49.13,-,"POS Purchase           ","OPOS MARKS.COM/LEQUIPEUR.86680"
12/30/2020,-28.31,-,"POS Purchase           ","OPOS MARKS.COM/LEQUIPEUR.86680"
12/29/2020,-29.19,-,"Miscellaneous Payment  ","PAYPAL                       "
12/29/2020,-48.54,-,"POS Purchase           ","OPOS MARKS.COM/LEQUIPEUR.86680"
12/29/2020,125.98,-,"Correction             ","CORRECTION                    "
12/29/2020,-125.98,-,"POS Purchase           ","OPOS MARKS.COM/LEQUIPEUR.86680"
12/24/2020,-6.74,-,"Miscellaneous Payment  ","PAYPAL                       "
12/24/2020,-5.49,-,"Miscellaneous Payment  ","PAYPAL                       "
12/24/2020,285.00,-,"Accounts Payable       ","UNIVERSITY OF NEW BRUNSWICK  "
12/21/2020,-70.00,-,"POS Purchase           ","FPOS FLORENCEVILLE IRVINGWEST "
12/16/2020,500.00,-,"ABM Deposit",""
12/11/2020,-57.91,-,"POS Purchase           ","GIANT TIGER #118         GRAND"
12/10/2020,250.00,-,"ABM Deposit",""
12/3/2020,-3.24,-,"POS Purchase           ","FPOS FLORENCEVILLE ESSO  WEST "
12/1/2020,-477.50,000000033,"Cheque                 ",""
11/30/2020,-643.80,-,"Miscellaneous Payment  ","NSLSC                        "
11/30/2020,-37.36,-,"Miscellaneous Payment  ","PAYPAL                       "
11/30/2020,-100.00,-,"WITHDRAWAL             ","FREE INTERAC E-TRANSFER"
11/30/2020,-605.00,-,"WITHDRAWAL             ","FREE INTERAC E-TRANSFER"
11/27/2020,1000.00,-,"DEPOSIT                ",""
11/25/2020,-56.96,-,"Miscellaneous Payment  ","PAYPAL                       "
11/25/2020,-2.89,-,"Miscellaneous Payment  ","PAYPAL                       "
11/25/2020,-6.82,-,"Miscellaneous Payment  ","PAYPAL                       "
11/16/2020,-2.22,-,"POS Purchase           ","FPOS TIM HORTONS #2598   WOODS"
11/16/2020,-11.48,-,"POS Purchase           ","FPOS DAIRY QUEEN #12176  FREDE"
11/13/2020,-34.44,-,"POS Purchase           ","FPOS FLORENCEVILLE IRVINGWEST "
11/12/2020,-57.24,-,"POS Purchase           ","FPOS BRENNAN HOME HARDWARFLORE"
11/10/2020,-47.99,-,"POS Purchase           ","FPOS CNB #018            PERTH"
11/10/2020,-9.99,-,"POS Purchase           ","OPOS Spotify P1218E1D37  Stock"
11/9/2020,-59.30,-,"POS Purchase           ","MARK'S THE SPOT          BEECH"
11/3/2020,-4.00,-,"POS Purchase           ","OPOS SC* ONLINE PAYMENT  INTER"
11/2/2020,-477.50,000000032,"Cheque                 ",""
11/2/2020,-643.80,-,"Miscellaneous Payment  ","NSLSC                        "
10/26/2020,-6.83,-,"Miscellaneous Payment  ","PAYPAL                       "
10/26/2020,-60.00,-,"POS Purchase           ","FPOS MARK'S THE SPOT     BEECH"
10/20/2020,-44.99,-,"POS Purchase           ","FPOS CNB #018            PERTH"
10/16/2020,-11.83,-,"Miscellaneous Payment  ","PAYPAL                       "
10/13/2020,-60.00,-,"POS Purchase           ","FPOS MARK'S THE SPOT     BEECH"
10/10/2020,-9.99,-,"POS Purchase           ","OPOS Spotify P11ADFDDFA  Stock"
10/9/2020,-129.88,-,"POS Purchase           ","WALMART STORE #3032      FREDE"
10/5/2020,149.00,-,"Provincial Payment     ","CANADA                       "
10/3/2020,-4.00,-,"POS Purchase           ","OPOS CV-Resume           85521"
10/1/2020,-477.50,000000031,"Cheque                 ",""
9/28/2020,-84.39,-,"Miscellaneous Payment  ","PAYPAL                       "
9/24/2020,-6.91,-,"Miscellaneous Payment  ","PAYPAL                       "
9/22/2020,-47.79,-,"POS Purchase           ","FPOS MARK'S THE SPOT     BEECH"
9/17/2020,4.99,-,"Correction             ","460254728065740               "
9/15/2020,-4.99,-,"Debit Memo             ","ADJUSTMENT OTHER"
9/10/2020,-4.99,-,"POS Purchase           ","OPOS Spotify P1141E5D3C  Stock"
9/8/2020,-7.69,-,"POS Purchase           ","FPOS MCDONALD'S #6659   QGRAND"
9/5/2020,-20.00,-,"POS Purchase           ","CIRCLE K / IRVING #201   WAASI"
9/4/2020,40.00,-,"DEPOSIT                ","MB-EMAIL MONEY TRF"
9/4/2020,1250.00,-,"Federal Payment        ","CANADA                       "
9/3/2020,23.38,-,"DEPOSIT                ","MB-EMAIL MONEY TRF"
9/3/2020,-4.00,-,"POS Purchase           ","OPOS SC* ONLINE PAYMENT  INTER"
9/2/2020,-30.00,-,"POS Purchase           ","FPOS IRVING/FLORENCEVILLEFLORE"
9/1/2020,-477.50,-,"Miscellaneous Payment  ","Colpitts Developments        "
9/1/2020,-32.55,-,"POS Purchase           ","OPOS Amazon.ca           AMAZO"
8/29/2020,-6.20,-,"POS Purchase           ","DAIRY QUEEN #12192       WOODS"
8/27/2020,-22.48,-,"POS Purchase           ","FPOS CO-OP #9283         FLORE"
8/27/2020,-7.50,-,"Service Charge         ",""
8/27/2020,-467.50,-,"Debit Memo             ","DRAFT PURCHASE"
8/26/2020,-28.74,-,"Miscellaneous Payment  ","PAYPAL                       "
8/25/2020,-6.86,-,"Miscellaneous Payment  ","PAYPAL                       "
8/11/2020,-32.42,-,"Miscellaneous Payment  ","PAYPAL                       "
8/10/2020,-4.99,-,"POS Purchase           ","OPOS Spotify P10DB0D4BE  Stock"
8/6/2020,-90.00,-,"POS Purchase           ","FPOS SNB - BRISTOL       FLORE"
8/5/2020,-23.38,-,"POS Purchase           ","OPOS 16.99 WNBA LIVEACCESPLAIN"
8/5/2020,1.37,-,"Correction             ","580212122550514               "
8/4/2020,-467.50,000000029,"Cheque                 ",""
8/3/2020,-4.00,-,"POS Purchase           ","OPOS SC* ONLINE PAYMENT  INTER"
7/30/2020,-162.00,-,"POS Purchase           ","OPOS SERVICE NB - ONLINE FREDE"
7/29/2020,-1.37,-,"POS Purchase           ","OPOS 1.00 WNBA LIVEACCESSPLAIN"
7/28/2020,1250.00,-,"Federal Payment        ","CANADA                       "
7/24/2020,-6.99,-,"Miscellaneous Payment  ","PAYPAL                       "
7/24/2020,63.20,-,"Correction             ","380199712163293               "
7/23/2020,-2.02,-,"POS Purchase           ","FPOS TIM HORTONS #2848   FREDE"
7/23/2020,-2.52,-,"POS Purchase           ","FPOS TIM HORTONS #2598   WOODS"
7/17/2020,-63.20,-,"POS Purchase           ","OPOS PAPA JOHN'S PIZZA #1FREDE"
7/17/2020,42.00,-,"DEPOSIT                ","MB-EMAIL MONEY TRF"
7/17/2020,-32.60,-,"POS Purchase           ","FPOS MARITIME BUS        FREDE"
7/16/2020,-43.19,-,"POS Purchase           ","FPOS WATERVILLE IRVING 15WATER"
7/10/2020,-4.99,-,"POS Purchase           ","OPOS Spotify P107B0FD46  Stock"
7/9/2020,-0.00,-,"Service Charge         ","MB-FREE EMAIL MONEY TRF"
7/9/2020,-467.50,-,"WITHDRAWAL             ","MB-EMAIL MONEY TRF"
7/8/2020,467.50,-,"DEPOSIT                ","MB-EMAIL MONEY TRF"
7/8/2020,-6.66,-,"POS Purchase           ","FPOS TIM HORTONS #2598   WOODS"
7/6/2020,-50.00,-,"POS Purchase           ","MURRAY'S IRVING          BEARD"
7/3/2020,-4.00,-,"POS Purchase           ","OPOS BLD*Resume          85521"
7/3/2020,149.00,-,"Provincial Payment     ","CANADA                       "
6/30/2020,-0.00,-,"Service Charge         ","MB-FREE EMAIL MONEY TRF"
6/30/2020,-467.50,-,"WITHDRAWAL             ","MB-EMAIL MONEY TRF"
6/29/2020,-0.00,-,"Service Charge         ","MB-FREE EMAIL MONEY TRF"
6/29/2020,-50.00,-,"WITHDRAWAL             ","MB-EMAIL MONEY TRF"
6/24/2020,-7.06,-,"Miscellaneous Payment  ","PAYPAL                       "
6/19/2020,1250.00,-,"Federal Payment        ","CANADA                       "
6/18/2020,-29.99,-,"POS Purchase           ","OPOS AMZN Mktp CA        WWW.A"
6/11/2020,362.50,-,"DEPOSIT                ","MB-DEP"
6/10/2020,-4.99,-,"POS Purchase           ","OPOS Spotify P1016DF90E  Stock"
6/8/2020,-0.00,-,"Service Charge         ","MB-FREE EMAIL MONEY TRF"
6/8/2020,-467.50,-,"WITHDRAWAL             ","MB-EMAIL MONEY TRF"
6/3/2020,-4.00,-,"POS Purchase           ","OPOS BLD*Resume          85521"
5/26/2020,-7.28,-,"Miscellaneous Payment  ","PAYPAL                       "
5/25/2020,-10.25,-,"POS Purchase           ","FPOS TACO BOYZ           FREDE"
5/22/2020,-67.96,-,"POS Purchase           ","FPOS SOBEYS #375         FREDE"
5/21/2020,-467.50,000000027,"Cheque                 ",""
5/20/2020,1250.00,-,"Federal Payment        ","CANADA                       "
5/14/2020,-10.00,-,"Miscellaneous Payment  ","PAYPAL                       "
5/13/2020,-32.32,-,"POS Purchase           ","FPOS 9283 CARLETON CO-OP FLORE"
5/11/2020,-4.99,-,"POS Purchase           ","OPOS Spotify P0FAEF62A7  Stock"
5/5/2020,-519.83,-,"Miscellaneous Payment  ","EnergieNB Power              "
5/4/2020,-520.38,-,"POS Purchase           ","OPOS BELL ALIANT ONLINE #SAINT"
5/4/2020,-4.00,-,"POS Purchase           ","OPOS BLD*Resume          85521"
5/1/2020,-0.00,-,"Service Charge         ","MB-FREE EMAIL MONEY TRF"
5/1/2020,-100.00,-,"WITHDRAWAL             ","MB-EMAIL MONEY TRF"
4/29/2020,100.00,-,"DEPOSIT                ","MB-EMAIL MONEY TRF"
4/29/2020,460.00,-,"DEPOSIT                ","MB-EMAIL MONEY TRF"
4/27/2020,-25.88,-,"POS Purchase           ","FPOS MCDONALD'S #1808    FREDE"
4/24/2020,-50.00,-,"Miscellaneous Payment  ","PAYPAL                       "
4/24/2020,-7.38,-,"Miscellaneous Payment  ","PAYPAL                       "
4/18/2020,-1.00,-,"POS Purchase           ","OPOS BLD*Resume          85521"
4/18/2020,-1.95,-,"POS Purchase           ","OPOS BLD*Resume          85521"
4/18/2020,-122.57,-,"POS Purchase           ","WAL-MART #1067           FREDE"
4/16/2020,-18.96,-,"POS Purchase           ","OPOS DOMINO'S PIZZA #1090FREDE"
4/16/2020,-0.00,-,"Service Charge         ","MB-FREE EMAIL MONEY TRF"
4/16/2020,-140.00,-,"WITHDRAWAL             ","MB-EMAIL MONEY TRF"
4/11/2020,-56.37,-,"POS Purchase           ","OPOS PAPA JOHN'S PIZZA #1FREDE"
4/11/2020,-4.99,-,"POS Purchase           ","OPOS Spotify P0F4ACEEDB  Stock"
4/9/2020,-58.96,-,"POS Purchase           ","FPOS IRVING/BOAT CLUB    FREDE"
4/9/2020,290.00,-,"GST                    ","CANADA                       "
4/3/2020,-46.97,-,"POS Purchase           ","OPOS PAPA JOHN'S PIZZA #1FREDE"
4/3/2020,-0.00,-,"Service Charge         ","MB-FREE EMAIL MONEY TRF"
4/3/2020,-270.00,-,"WITHDRAWAL             ","MB-EMAIL MONEY TRF"
4/3/2020,147.50,-,"Provincial Payment     ","CANADA                       "
4/1/2020,-370.00,-,"Rent/Lease             ","SKYFALL                      "
3/28/2020,2514.00,-,"DEPOSIT                ","MB-DEP"
3/26/2020,-17.06,-,"POS Purchase           ","FPOS SOBEYS #375         FREDE"
3/26/2020,-8.04,-,"POS Purchase           ","FPOS CANADIAN TIRE #0035 FREDE"
3/24/2020,-7.50,-,"Miscellaneous Payment  ","PAYPAL                       "
3/23/2020,100.00,-,"DEPOSIT                ","MB-EMAIL MONEY TRF"
3/20/2020,10.00,-,"DEPOSIT                ","PC-EMAIL MONEY TRF"
3/18/2020,20.00,-,"DEPOSIT                ","MB-EMAIL MONEY TRF"
3/14/2020,20.00,-,"DEPOSIT                ","MB-EMAIL MONEY TRF"
3/12/2020,-40.10,-,"POS Purchase           ","FPOS IRVING/BOAT CLUB    FREDE"
3/12/2020,-12.91,-,"POS Purchase           ","RINGO'S BAR & GRILL      FREDE"
3/11/2020,-34.15,-,"POS Purchase           ","FPOS SOBEYS #349         FREDE"
3/10/2020,-4.99,-,"POS Purchase           ","OPOS Spotify P0EE6E8930  Stock"
3/9/2020,98.00,-,"DEPOSIT                ","MB-EMAIL MONEY TRF"
3/7/2020,-7.97,-,"POS Purchase           ","FPOS TIM HORTONS #0276   FREDE"
3/4/2020,-55.53,-,"POS Purchase           ","PIZZA HUT                FREDE"
3/4/2020,-4.44,-,"POS Purchase           ","FPOS TIM HORTONS #2131   FREDE"
3/3/2020,-200.00,-,"Miscellaneous Payment  ","EnergieNB Power              "
3/2/2020,-179.77,-,"Miscellaneous Payment  ","EnergieNB Power              "
3/2/2020,-370.00,-,"Rent/Lease             ","SKYFALL                      "
3/2/2020,-11.65,-,"POS Purchase           ","FPOS A&W MAIN STREET PLAZFREDE"
2/29/2020,-7.97,-,"POS Purchase           ","FPOS TIM HORTONS #2131   FREDE"
2/26/2020,-1.49,-,"POS Purchase           ","FPOS ATLANTIC SUPERSTORE FREDE"
2/25/2020,-6.87,-,"Miscellaneous Payment  ","PAYPAL                       "
2/24/2020,-8.94,-,"POS Purchase           ","FPOS MCDONALD'S #29096   FREDE"
2/24/2020,-28.11,-,"POS Purchase           ","WAL-MART #3032           FREDE"
2/24/2020,-57.31,-,"POS Purchase           ","FPOS CIRCLE K / IRVING  QFREDE"
2/22/2020,-9.68,-,"POS Purchase           ","FPOS TIM HORTONS #1705   FREDE"
2/21/2020,-36.79,-,"Miscellaneous Payment  ","PAYPAL                       "
2/20/2020,-21.24,-,"POS Purchase           ","FPOS SOBEYS #849         FREDE"
2/19/2020,-21.15,-,"POS Purchase           ","DOMINO'S PIZZA #10902    FREDE"
2/18/2020,-29.89,-,"Miscellaneous Payment  ","PAYPAL                       "
2/18/2020,-8.82,-,"POS Purchase           ","FPOS MCDONALD'S #29097   OROMO"
2/18/2020,-0.00,-,"Service Charge         ","MB-FREE EMAIL MONEY TRF"
2/18/2020,-100.00,-,"WITHDRAWAL             ","MB-EMAIL MONEY TRF"
2/17/2020,-12.05,-,"POS Purchase           ","FPOS CANADIAN TIRE #0035 FREDE"
2/17/2020,-11.10,-,"POS Purchase           ","FPOS TIM HORTONS #0276   FREDE"
2/15/2020,-8.74,-,"POS Purchase           ","FPOS BK #03282           FREDE"
2/15/2020,-51.10,-,"POS Purchase           ","FPOS CLIFFE STREET GRAB NFREDE"
2/14/2020,-23.57,-,"POS Purchase           ","FPOS SOBEYS #375         FREDE"
2/14/2020,-6.85,-,"POS Purchase           ","FPOS TIM HORTONS #0176   FREDE"
2/13/2020,-100.00,-,"Miscellaneous Payment  ","PAYPAL                       "
2/12/2020,-11.01,-,"POS Purchase           ","FPOS DAIRY QUEEN #12079  FREDE"
2/12/2020,-71.63,-,"POS Purchase           ","WALMARTSTORE#1067        FREDE"
2/12/2020,-180.00,-,"ABM Withdrawal",""
2/11/2020,-12.01,-,"POS Purchase           ","FPOS MCDONALD'S #5483    FREDE"
2/10/2020,-4.99,-,"POS Purchase           ","OPOS Spotify P0E89649A6  Stock"
2/5/2020,-12.49,-,"POS Purchase           ","FPOS 9283 CARLETON CO-OP FLORE"
2/3/2020,-370.00,-,"Rent/Lease             ","SKYFALL                      "
2/3/2020,-4.00,-,"POS Purchase           ","FPOS TIM HORTONS #2598   WOODS"
2/3/2020,-65.00,-,"POS Purchase           ","FPOS MURRAY'S IRVING     BEARD"
1/31/2020,-471.42,-,"POS Purchase           ","OPOS BELL ALIANT ONLINE #SAINT"
1/30/2020,-6.89,-,"POS Purchase           ","FPOS DAIRY QUEEN #12176  FREDE"
1/30/2020,-12.29,-,"POS Purchase           ","SOBEYS 375               FREDE"
1/29/2020,-25.49,-,"POS Purchase           ","FPOS HANWELL ROAD IRVING HANWE"
1/29/2020,-8.05,-,"POS Purchase           ","FPOS BURGER KING #20441  FREDE"
1/29/2020,-34.50,-,"POS Purchase           ","FPOS MOFFITT'S CONVENIENCHARVE"
1/28/2020,-13.20,-,"POS Purchase           ","FPOS A&W #7218           FREDE"
1/27/2020,-8.04,-,"POS Purchase           ","FPOS BURGER KING #23282  FREDE"
1/27/2020,-61.95,-,"POS Purchase           ","FPOS IRVING/BOAT CLUB    FREDE"
1/25/2020,-16.41,-,"POS Purchase           ","FPOS PITA PIT            FREDE"
1/24/2020,-6.81,-,"Miscellaneous Payment  ","PAYPAL                       "
1/23/2020,-13.10,-,"POS Purchase           ","FPOS WENDY'S RESTAURANT QFREDE"
1/21/2020,-16.20,-,"POS Purchase           ","FPOS TACO BOYZ           FREDE"
1/21/2020,-52.02,-,"POS Purchase           ","WAL-MART #3032           FREDE"
1/21/2020,-100.00,-,"ABM Withdrawal",""
1/18/2020,-8.57,-,"POS Purchase           ","FPOS TIM HORTONS # 945   FREDE"
1/17/2020,-43.47,-,"POS Purchase           ","SOBEYS 375               FREDE"
1/15/2020,-11.60,-,"POS Purchase           ","FPOS BURGER KING #20441  FREDE"
1/15/2020,-6.85,-,"POS Purchase           ","FPOS TIM HORTONS #2131   FREDE"
1/14/2020,-24.82,-,"POS Purchase           ","FPOS DAIRY SHOP/GISELE'S FREDE"
1/13/2020,-50.00,-,"POS Purchase           ","FPOS CIRCLE K / IRVING  QFREDE"
1/10/2020,-13.09,-,"POS Purchase           ","FPOS A&W MAIN STREET PLAZFREDE"
1/10/2020,1189.00,-,"ABM Deposit",""
1/10/2020,-4.99,-,"POS Purchase           ","OPOS Spotify P0E2BD45D7  Stock"
1/9/2020,-7.29,-,"POS Purchase           ","FPOS MCDONALD'S #5483    FREDE"
1/7/2020,-4.01,-,"POS Purchase           ","FPOS IRVING STATION #1170CHIPM"
1/7/2020,-61.89,-,"POS Purchase           ","FPOS IRVING/BOAT CLUB    FREDE"
1/6/2020,-255.95,-,"POS Purchase           ","OPOS 191.88 CODECADEMY   91728"
1/6/2020,-21.58,-,"POS Purchase           ","WAL-MART #3032           FREDE"
1/3/2020,147.50,-,"Provincial Payment     ","CANADA                       "
1/2/2020,-370.00,-,"Rent/Lease             ","SKYFALL                      "
12/27/2019,-13.89,-,"POS Purchase           ","FPOS MANCHU WOK RESTAURANFREDE"
12/27/2019,155.00,-,"DEPOSIT                ","MB-EMAIL MONEY TRF"
12/24/2019,-6.83,-,"Miscellaneous Payment  ","PAYPAL                       "
12/23/2019,-30.00,-,"POS Purchase           ","MURRAY'S IRVING          BEARD"
12/23/2019,-8.80,-,"POS Purchase           ","FPOS TIM HORTONS #2131   FREDE"
12/21/2019,-14.81,-,"POS Purchase           ","FPOS SUBWAY # 5290       FREDE"
12/21/2019,-180.00,-,"ABM Withdrawal",""
12/19/2019,-3.16,-,"POS Purchase           ","FPOS TIM HORTONS #1791   MINTO"
12/18/2019,-44.88,-,"POS Purchase           ","DOMINO'S PIZZA #10902    FREDE"
12/17/2019,-27.51,-,"POS Purchase           ","FPOS SOBEYS #849        QFREDE"
12/14/2019,-9.49,-,"POS Purchase           ","FPOS MCDONALD'S #1808    FREDE"
12/13/2019,-24.00,-,"POS Purchase           ","OPOS AMZN Mktp CA        WWW.A"
12/12/2019,-15.68,-,"POS Purchase           ","FPOS DAIRY SHOP/GISELE'S FREDE"
12/10/2019,-4.99,-,"POS Purchase           ","OPOS Spotify P0DCCEAEA3  Stock"
12/9/2019,-4.13,-,"POS Purchase           ","FPOS PAPA JOHN'S PIZZA   FREDE"
12/9/2019,-21.83,-,"POS Purchase           ","OPOS PAPA JOHN'S PIZZA #1FREDE"
12/9/2019,-16.12,-,"POS Purchase           ","FPOS A&W #7218           FREDE"
12/7/2019,-13.00,-,"POS Purchase           ","PITA PIT                 FREDE"
12/7/2019,-27.45,-,"POS Purchase           ","CHECKER CAB              RICHI"
12/6/2019,-68.99,-,"Miscellaneous Payment  ","PAYPAL                       "
12/6/2019,-4.11,-,"POS Purchase           ","TIM HORTON'S T-DOMESTI   MISSI"
12/2/2019,-370.00,-,"Rent/Lease             ","SKYFALL                      "
12/2/2019,-3.76,-,"POS Purchase           ","FPOS TIM HORTON'S T-DOMESMISSI"
12/2/2019,1.12,-,"DEPOSIT                ",""
12/2/2019,-9.51,-,"POS Purchase           ","FPOS MCDONALD'S #29096   FREDE"
12/2/2019,-3.45,-,"POS Purchase           ","WAL-MART #3032           FREDE"
12/2/2019,-42.19,-,"POS Purchase           ","WAL-MART #3032           FREDE"
12/2/2019,-10.90,-,"POS Purchase           ","FPOS TIM HORTONS #0176   FREDE"
11/29/2019,-102.67,-,"POS Purchase           ","OPOS AMZN Mktp CA        WWW.A"
11/29/2019,-459.94,-,"POS Purchase           ","OPOS Amazon.ca           Seatt"
11/28/2019,-6.21,-,"POS Purchase           ","FPOS UNIVERSITY OF NEW BRFREDE"
11/26/2019,-6.89,-,"Miscellaneous Payment  ","PAYPAL                       "
11/26/2019,-12.75,-,"POS Purchase           ","FPOS MARY BROWN'S 3500   FREDE"
11/25/2019,-33.72,-,"POS Purchase           ","FPOS SOBEYS 375          FREDE"
11/21/2019,-5.74,-,"POS Purchase           ","FPOS DAIRY QUEEN #12176  FREDE"
11/20/2019,-24.13,-,"POS Purchase           ","CANNON'S CROSS PUB       FREDE"
11/20/2019,-79.90,-,"POS Purchase           ","FPOS CIRCLE K / IRVING  QFREDE"
11/19/2019,-15.90,-,"POS Purchase           ","OPOS Amazon.ca           Seatt"
11/18/2019,-135.30,-,"Miscellaneous Payment  ","EnergieNB Power              "
11/18/2019,-15.99,-,"POS Purchase           ","OPOS AMZN Mktp CA        WWW.A"
11/18/2019,-180.00,-,"ABM Withdrawal",""
11/18/2019,-12.05,-,"POS Purchase           ","FPOS WENDY'S RESTAURANT QFREDE"
11/18/2019,-132.17,-,"POS Purchase           ","WALMARTSTORE#1067        FREDE"
11/16/2019,-0.00,-,"Service Charge         ","PC-FREE EMAIL MONEY TRF"
11/16/2019,-60.00,-,"WITHDRAWAL             ","PC-EMAIL MONEY TRF"
11/16/2019,-350.01,-,"POS Purchase           ","OPOS BELL ALIANT ONLINE #SAINT"
11/16/2019,-11.49,-,"POS Purchase           ","FPOS SUBWAY # 11109      FREDE"
11/13/2019,-12.75,-,"POS Purchase           ","FPOS BURGER KING #19448  WATER"
11/13/2019,-40.00,-,"POS Purchase           ","FPOS WATERVILLE IRVING 15WATER"
11/13/2019,-13.33,-,"POS Purchase           ","FPOS MARY BROWN'S 3500   FREDE"
11/13/2019,-180.00,-,"POS Purchase           ","SERVICE CANADA FREDERI   FREDE"
11/12/2019,-23.00,-,"POS Purchase           ","HARVEY STUDIOS           FREDE"
11/12/2019,-4.99,-,"POS Purchase           ","OPOS Spotify P0D70EFBFE  Stock"
11/12/2019,-7.77,-,"POS Purchase           ","FPOS TIM HORTONS #0276   FREDE"
11/9/2019,-10.45,-,"POS Purchase           ","BURGER KING #20441       FREDE"
11/7/2019,-99.99,-,"POS Purchase           ","CNB #016                 FREDE"
11/5/2019,-30.15,-,"POS Purchase           ","FPOS SOBEYS #849        QFREDE"
11/4/2019,-70.00,-,"POS Purchase           ","CIRCLE K / IRVING #201   FREDE"
11/1/2019,-370.00,-,"Rent/Lease             ","SKYFALL                      "
11/1/2019,-6.90,-,"POS Purchase           ","FPOS DAIRY SHOP/GISELE'S FREDE"
10/29/2019,-75.01,-,"POS Purchase           ","SOBEYS #849        QPS   FREDE"
10/28/2019,-10.45,-,"POS Purchase           ","FPOS DAIRY QUEEN #12176  FREDE"
10/26/2019,-13.33,-,"POS Purchase           ","FPOS MARY BROWN'S 3500   FREDE"
10/25/2019,-91.99,-,"Miscellaneous Payment  ","PAYPAL                       "
10/24/2019,-6.80,-,"Miscellaneous Payment  ","PAYPAL                       "
10/22/2019,-28.74,-,"Miscellaneous Payment  ","PAYPAL                       "
10/18/2019,-32.08,-,"POS Purchase           ","FPOS SOBEYS #849        QFREDE"
10/15/2019,-180.00,-,"ABM Withdrawal",""
10/15/2019,-60.00,-,"POS Purchase           ","FPOS WATERVILLE IRVING 15WATER"
10/12/2019,-6.24,-,"POS Purchase           ","FPOS TIM HORTONS #2131   FREDE"
10/10/2019,-4.99,-,"POS Purchase           ","OPOS Spotify P0D1553710  Stock"
10/8/2019,-7.97,-,"POS Purchase           ","FPOS TIM HORTONS #0176   FREDE"
10/8/2019,-59.98,-,"POS Purchase           ","FPOS SOBEYS #849        QFREDE"
10/5/2019,-30.00,-,"POS Purchase           ","DOMINO'S PIZZA #10902    FREDE"
10/4/2019,-11.26,-,"POS Purchase           ","FPOS MCDONALD'S #1808    FREDE"
10/4/2019,-6.90,-,"POS Purchase           ","FPOS DAIRY SHOP/GISELE'S FREDE"
10/4/2019,147.50,-,"Provincial Payment     ","CANADA                       "
10/3/2019,-7.97,-,"POS Purchase           ","FPOS TIM HORTONS #0176   FREDE"
10/2/2019,-0.00,-,"Service Charge         ","MB-FREE EMAIL MONEY TRF"
10/2/2019,-60.00,-,"WITHDRAWAL             ","MB-EMAIL MONEY TRF"
10/1/2019,-370.00,-,"Rent/Lease             ","SKYFALL                      "
10/1/2019,-47.46,-,"POS Purchase           ","GRECO PIZZA              FREDE"
9/27/2019,-10.92,-,"POS Purchase           ","CELLAR PUB (CA100)       FREDE"
9/24/2019,-6.89,-,"Miscellaneous Payment  ","PAYPAL                       "
9/24/2019,-32.50,-,"POS Purchase           ","FPOS SOBEYS #849        QFREDE"
9/21/2019,-12.16,-,"POS Purchase           ","FPOS WENDY'S RESTAURANT QFREDE"
9/21/2019,-7.63,-,"POS Purchase           ","FPOS SOBEYS 375          FREDE"
9/21/2019,-70.18,-,"POS Purchase           ","FPOS CIRCLE K / IRVING  QFREDE"
9/19/2019,-6.89,-,"POS Purchase           ","FPOS DAIRY QUEEN #12176  FREDE"
9/17/2019,-6.90,-,"POS Purchase           ","FPOS DAIRY SHOP/GISELE'S FREDE"
9/14/2019,-14.79,-,"POS Purchase           ","FPOS A&W #7218           FREDE"
9/12/2019,-6.90,-,"POS Purchase           ","FPOS DAIRY SHOP/GISELE'S FREDE"
9/11/2019,-180.00,-,"ABM Withdrawal",""
9/10/2019,-4.99,-,"POS Purchase           ","OPOS Spotify P0CB386227  Stock"
9/5/2019,-191.78,-,"POS Purchase           ","WAL-MART #3032           FREDE"
9/4/2019,4207.25,-,"Student Loan           ","NB STUDENT LOAN              "
9/4/2019,-82.00,-,"POS Purchase           ","UNB FINANCIAL SERVICES   FREDE"
9/3/2019,-370.00,-,"Rent/Lease             ","SKYFALL                      "
9/3/2019,-5.75,-,"POS Purchase           ","FPOS TIM HORTONS #2853   BRIST"
8/30/2019,-11.49,-,"Miscellaneous Payment  ","PAYPAL                       "
8/27/2019,-50.16,-,"Miscellaneous Payment  ","EnergieNB Power              "
8/27/2019,-326.01,-,"POS Purchase           ","OPOS BELL ALIANT ONLINE #SAINT"
8/26/2019,-48.00,-,"POS Purchase           ","FPOS PERTH ANDOVER/IRVINGPERTH"
8/23/2019,-27.24,-,"POS Purchase           ","FPOS TORONTO ZOO - RETAILSCARB"
8/23/2019,-13.59,-,"POS Purchase           ","FPOS TORONTO ZOO - RETAILSCARB"
8/22/2019,-58.58,-,"POS Purchase           ","HOCKEY HALL OF FAME      TORON"
8/22/2019,-88.14,-,"POS Purchase           ","CN TOWER RETAIL STORE    TORON"
8/21/2019,-39.52,-,"POS Purchase           ","WAL-MART #3054           MISSI"
8/19/2019,-10.99,-,"POS Purchase           ","OPOS STEAMGAMES.COM      425-9"
8/16/2019,520.00,-,"ABM Deposit",""
8/16/2019,-13.86,-,"POS Purchase           ","DINER DOWN UNDER         BATH "
8/10/2019,-4.99,-,"POS Purchase           ","OPOS Spotify P0C3751BE6  Stock"
8/8/2019,-12.24,-,"POS Purchase           ","FPOS BURGER KING #19448  WATER"
8/5/2019,-13.66,-,"POS Purchase           ","FPOS SUBWAY # 5290       FREDE"
8/5/2019,-55.00,-,"POS Purchase           ","FPOS IRVING #15886       WOODS"
8/2/2019,360.00,-,"ABM Deposit",""
8/1/2019,-370.00,-,"Rent/Lease             ","SKYFALL                      "
8/1/2019,-162.00,-,"POS Purchase           ","OPOS SERVICE NB - ONLINE FREDE"
7/26/2019,600.00,-,"ABM Deposit",""
7/18/2019,-0.00,-,"Service Charge         ","PC-FREE EMAIL MONEY TRF"
7/18/2019,-40.00,-,"WITHDRAWAL             ","PC-EMAIL MONEY TRF"
7/16/2019,-6.88,-,"POS Purchase           ","BURGER KING #19448       WATER"
7/16/2019,-61.87,-,"POS Purchase           ","FPOS WATERVILLE IRVING 15WATER"
7/15/2019,-102.13,-,"POS Purchase           ","9283 CARLETON CO-OP      FLORE"
7/11/2019,-183.95,-,"POS Purchase           ","OPOS FITBIT, INC. UF3CV4387762"
7/10/2019,-4.99,-,"POS Purchase           ","OPOS Spotify P0BC0B1632  Stock"
7/8/2019,67.12,-,"Insurance              ","AMERICAN INCOME              "
7/5/2019,297.00,-,"ABM Deposit",""
7/5/2019,147.50,-,"Provincial Payment     ","CANADA                       "
7/4/2019,-31.98,-,"POS Purchase           ","FPOS DOMINO'S PIZZA #1090FREDE"
7/4/2019,-315.69,-,"POS Purchase           ","OPOS BELL ALIANT ONLINE #SAINT"
7/4/2019,-6.90,-,"POS Purchase           ","FPOS DAIRY SHOP/GISELE'S FREDE"
7/3/2019,-320.00,-,"Correction             ",""
7/3/2019,340.00,-,"DEPOSIT                ",""
7/2/2019,-370.00,-,"Rent/Lease             ","SKYFALL                      "
6/28/2019,320.00,-,"ABM Deposit",""
6/24/2019,35.00,-,"DEPOSIT                ","MB-EMAIL MONEY TRF"
6/19/2019,-151.44,-,"POS Purchase           ","#284 SPORT CHEK          FREDE"
6/19/2019,-3.91,-,"POS Purchase           ","FPOS TIM HORTONS #2853   BRIST"
6/18/2019,-2.77,-,"Miscellaneous Payment  ","PAYPAL                       "
6/17/2019,-54.72,-,"POS Purchase           ","FPOS WATERVILLE IRVING 15WATER"
6/11/2019,-149.44,-,"POS Purchase           ","#284 SPORT CHEK          FREDE"
6/11/2019,-25.04,-,"POS Purchase           ","FPOS MANCHU WOK RESTAURANFREDE"
6/10/2019,-13.99,-,"POS Purchase           ","OPOS CINEPLEX #8030 WEB QTORON"
6/10/2019,-4.99,-,"POS Purchase           ","OPOS Spotify P0B480BBD8  Stock"
6/10/2019,-160.21,-,"POS Purchase           ","WAL-MART #3032           FREDE"
6/10/2019,-15.49,-,"POS Purchase           ","FPOS SUBWAY # 20599      FREDE"
6/7/2019,-12.87,-,"POS Purchase           ","FPOS SOBEYS #349        QFREDE"
6/6/2019,-67.12,-,"Insurance              ","AMERICAN INCOME              "
6/6/2019,-44.85,-,"POS Purchase           ","OPOS Amazon.ca Prime Membamazo"
6/6/2019,-56.25,-,"POS Purchase           ","DOMINO'S PIZZA #10902    FREDE"
6/3/2019,-370.00,-,"Rent/Lease             ","SKYFALL                      "
5/29/2019,-19.83,-,"POS Purchase           ","THE HILLTOP              FREDE"
5/28/2019,-33.71,-,"POS Purchase           ","GRECO PIZZA              FREDE"
5/28/2019,-200.00,-,"ABM Withdrawal",""
5/28/2019,-150.00,-,"POS Purchase           ","SOBEYS 375               FREDE"
5/28/2019,-62.17,-,"POS Purchase           ","FPOS CIRCLE K / IRVING  QFREDE"
5/27/2019,-3.89,-,"Miscellaneous Payment  ","PAYPAL                       "
5/25/2019,-1.54,-,"POS Purchase           ","FPOS DAIRY QUEEN #12176  FREDE"
5/22/2019,-16.08,-,"POS Purchase           ","FPOS TIM HORTONS #0176   FREDE"
5/21/2019,-6.90,-,"POS Purchase           ","FPOS DAIRY SHOP/GISELE'S FREDE"
5/21/2019,-4.36,-,"POS Purchase           ","FPOS MCDONALD'S #1808    FREDE"
5/21/2019,-32.88,-,"POS Purchase           ","FPOS CINEPLEX #6111      FREDE"
5/18/2019,-0.00,-,"Service Charge         ","PC-FREE EMAIL MONEY TRF"
5/18/2019,-500.00,-,"WITHDRAWAL             ","PC-EMAIL MONEY TRF"
5/17/2019,-32.65,-,"POS Purchase           ","GRECO PIZZA              FREDE"
5/15/2019,-7.46,-,"POS Purchase           ","FPOS TIM HORTONS #0276   FREDE"
5/14/2019,-6.95,-,"Miscellaneous Payment  ","PAYPAL                       "
5/14/2019,-8.05,-,"POS Purchase           ","FPOS SOBEYS 375          FREDE"
5/14/2019,-43.00,-,"POS Purchase           ","FPOS CRUISER HOLDINGS INCCHARL"
5/13/2019,221.80,-,"Tax Refund             ","CANADA                       "
5/11/2019,0.34,-,"POS Return             ","OPOS 0.26 Amazon.com     Amzn."
5/10/2019,-4.29,-,"POS Purchase           ","FPOS TIM HORTONS #2848   FREDE"
5/10/2019,-4.99,-,"POS Purchase           ","OPOS Spotify P0ACCBD915  Stock"
5/9/2019,-7.23,-,"POS Purchase           ","GRECO PIZZA              FREDE"
5/9/2019,-36.99,-,"POS Purchase           ","FPOS ALCOOL NB LIQUOR  #0FREDE"
5/9/2019,-31.71,-,"POS Purchase           ","THE SNOOTY FOX           FREDE"
5/9/2019,-30.00,-,"POS Purchase           ","FPOS MURRAY'S IRVING     BEARD"
5/8/2019,-4.91,-,"POS Purchase           ","FPOS GLENN'S GROCERY LTD.FLORE"
5/8/2019,-12.24,-,"POS Purchase           ","DOMINO'S PIZZA #10902    FREDE"
5/8/2019,-149.44,-,"POS Purchase           ","#284 SPORT CHEK          FREDE"
5/8/2019,-3.71,-,"POS Purchase           ","FPOS TIM HORTONS #2853   BRIST"
5/6/2019,-54.27,-,"Miscellaneous Payment  ","EnergieNB Power              "
5/6/2019,-12.62,-,"POS Purchase           ","FPOS BURGER KING #23282  FREDE"
5/6/2019,-20.00,-,"POS Purchase           ","CLIFFE STREET IRVING     FREDE"
5/6/2019,-20.00,-,"POS Purchase           ","RINGO'S BAR & GRILL      FREDE"
5/4/2019,-160.40,-,"POS Purchase           ","OPOS BELL ALIANT ONLINE #SAINT"
5/3/2019,-23.31,-,"POS Purchase           ","GRECO PIZZA              FREDE"
5/2/2019,-19.83,-,"POS Purchase           ","EASTSIDE MARIOS #8794    FREDE"
5/2/2019,-6.90,-,"POS Purchase           ","FPOS DAIRY SHOP/GISELE'S FREDE"
5/1/2019,-370.00,-,"Rent/Lease             ","SKYFALL                      "
5/1/2019,-28.74,-,"Miscellaneous Payment  ","PAYPAL                       "
5/1/2019,-12.41,-,"POS Purchase           ","FPOS MARY BROWN'S 3500   FREDE"
4/30/2019,-15.39,-,"POS Purchase           ","SUBWAY # 5290            FREDE"
4/30/2019,-40.00,-,"POS Purchase           ","FPOS CIRCLE K / IRVING  QFREDE"
4/29/2019,-5.74,-,"POS Purchase           ","FPOS CINEPLEX #6111      FREDE"
4/29/2019,-9.42,-,"POS Purchase           ","FPOS WENDY'S RESTAURANT QFREDE"
4/29/2019,-9.53,-,"POS Purchase           ","FPOS TIM HORTONS #0176   FREDE"
4/29/2019,-0.00,-,"Service Charge         ","PC-FREE EMAIL MONEY TRF"
4/29/2019,-60.00,-,"WITHDRAWAL             ","PC-EMAIL MONEY TRF"
4/25/2019,-3.89,-,"Miscellaneous Payment  ","PAYPAL                       "
4/25/2019,-15.52,-,"POS Purchase           ","CELLAR PUB (CA100)       FREDE"
4/25/2019,1719.00,-,"DEPOSIT                ",""
4/18/2019,-11.49,-,"Miscellaneous Payment  ","PAYPAL                       "
4/18/2019,-19.39,-,"POS Purchase           ","DOMINO'S PIZZA #10902    FREDE"
4/17/2019,-13.44,-,"POS Purchase           ","FPOS MANCHU WOK RESTAURANFREDE"
4/17/2019,-30.90,-,"POS Purchase           ","WAL-MART #3032           FREDE"
4/17/2019,-80.00,-,"POS Purchase           ","FPOS CIRCLE K / IRVING  QFREDE"
4/17/2019,-180.00,-,"ABM Withdrawal",""
4/16/2019,-7.66,-,"POS Purchase           ","FPOS TIM HORTONS #2131   FREDE"
4/15/2019,-6.91,-,"Miscellaneous Payment  ","PAYPAL                       "
4/15/2019,-33.28,-,"POS Purchase           ","GRECO PIZZA              FREDE"
4/15/2019,-9.41,-,"POS Purchase           ","FPOS WENDY'S RESTAURANT QFREDE"
4/11/2019,-11.59,-,"POS Purchase           ","FPOS MARY BROWN'S 3500   FREDE"
4/10/2019,-4.99,-,"POS Purchase           ","OPOS Spotify P0A56621F8  Stock"
4/10/2019,-6.43,-,"POS Purchase           ","FPOS TIM HORTONS #0176   FREDE"
4/9/2019,-10.35,-,"POS Purchase           ","FPOS DAIRY QUEEN #12176  FREDE"
4/9/2019,-28.80,-,"POS Purchase           ","FPOS SOBEYS #849        QFREDE"
4/8/2019,-1.36,-,"POS Purchase           ","FPOS UNIV OF NEW BRUNSWICFREDE"
4/6/2019,-2.96,-,"POS Purchase           ","MAIL N MART              FREDE"
4/6/2019,-20.25,-,"POS Purchase           ","RINGO'S BAR & GRILL      FREDE"
4/5/2019,161.90,-,"Provincial Payment     ","CANADA                       "
4/2/2019,-160.00,-,"ABM Withdrawal",""
4/2/2019,-51.87,-,"POS Purchase           ","FPOS SOBEYS #849        QFREDE"
4/1/2019,-362.50,-,"Rent/Lease             ","SKYFALL                      "
4/1/2019,-11.83,-,"POS Purchase           ","FPOS WENDY'S RESTAURANT QFREDE"
